Workbook

Sheet Raw Order Data
A1: Order Fulfillment — Raw Extract (Sample)
A2: Source: order management system export, 6-month window | Units: hours unless noted
A4: Order ID | B4: Site | C4: Order Type | D4: Confirmed At | E4: Allocated At | F4: Picked At | G4: Packed At | H4: Carrier Handoff At | I4: Confirm Hour | J4: Hrs: Confirm→Allocate | K4: Hrs: Allocate→Pick | L4: Hrs: Pick→Pack | M4: Hrs: Pack→Handoff | N4: Total Hrs: Confirm→Handoff
A5: ORD-100001 | B5: Site B - Reno | C5: Standard | D5: 46097.506 | E5: 46097.918 | F5: 46098.285 | G5: 46098.818 | H5: 46098.926 | I5: 12 | J5: 9.9 | K5: 8.8 | L5: 12.8 | M5: 2.6 | N5: 34.1
A6: ORD-100002 | B6: Site A - Dallas | C6: Standard | D6: 46082.485 | E6: 46082.66 | F6: 46082.826 | G6: 46083.247 | H6: 46083.489 | I6: 11 | J6: 4.2 | K6: 4 | L6: 10.1 | M6: 5.8 | N6: 24.1
A7: ORD-100003 | B7: Site A - Dallas | C7: Standard | D7: 46028.757 | E7: 46029.882 | F7: 46030.107 | G7: 46030.303 | H7: 46030.665 | I7: 18 | J7: 27 | K7: 5.4 | L7: 4.7 | M7: 8.7 | N7: 45.8
A8: ORD-100004 | B8: Site A - Dallas | C8: Standard | D8: 46051.557 | E8: 46051.924 | F8: 46052.344 | G8: 46052.803 | H8: 46053.044 | I8: 13 | J8: 8.8 | K8: 10.1 | L8: 11 | M8: 5.8 | N8: 35.7
A9: ORD-100005 | B9: Site C - Columbus | C9: Standard | D9: 46168.528 | E9: 46168.899 | F9: 46169.34 | G9: 46169.732 | H9: 46170.019 | I9: 12 | J9: 8.9 | K9: 10.6 | L9: 9.4 | M9: 6.9 | N9: 35.8
A10: ORD-100006 | B10: Site A - Dallas | C10: Standard | D10: 46101.912 | E10: 46102.842 | F10: 46102.967 | G10: 46103.221 | H10: 46103.488 | I10: 21 | J10: 22.3 | K10: 3 | L10: 6.1 | M10: 6.4 | N10: 37.8
A11: ORD-100007 | B11: Site A - Dallas | C11: Standard | D11: 46080.739 | E11: 46081.964 | F11: 46082.318 | G11: 46082.722 | H11: 46082.856 | I11: 17 | J11: 29.4 | K11: 8.5 | L11: 9.7 | M11: 3.2 | N11: 50.8
A12: ORD-100008 | B12: Site B - Reno | C12: Standard | D12: 46124.541 | E12: 46124.92 | F12: 46125.237 | G12: 46125.674 | H12: 46126.003 | I12: 12 | J12: 9.1 | K12: 7.6 | L12: 10.5 | M12: 7.9 | N12: 35.1
A13: ORD-100009 | B13: Site C - Columbus | C13: Standard | D13: 46035.809 | E13: 46036.755 | F13: 46036.926 | G13: 46037.484 | H13: 46037.822 | I13: 19 | J13: 22.7 | K13: 4.1 | L13: 13.4 | M13: 8.1 | N13: 48.3
A14: ORD-100010 | B14: Site A - Dallas | C14: Standard | D14: 46128.82 | E14: 46129.845 | F14: 46130.037 | G14: 46130.274 | H14: 46130.52 | I14: 19 | J14: 24.6 | K14: 4.6 | L14: 5.7 | M14: 5.9 | N14: 40.8
A15: ORD-100011 | B15: Site A - Dallas | C15: Standard | D15: 46176.593 | E15: 46177.843 | F15: 46177.985 | G15: 46178.335 | H15: 46178.639 | I15: 14 | J15: 30 | K15: 3.4 | L15: 8.4 | M15: 7.3 | N15: 49.1
A16: ORD-100012 | B16: Site C - Columbus | C16: Standard | D16: 46067.769 | E16: 46068.852 | F16: 46069.094 | G16: 46069.494 | H16: 46069.715 | I16: 18 | J16: 26 | K16: 5.8 | L16: 9.6 | M16: 5.3 | N16: 46.7
... A404: ORD-100400 | B404: Site A - Dallas | C404: Standard | D404: 46105.622 | E404: 46106.593 | F404: 46106.785 | G404: 46107.043 | H404: 46107.376 | I404: 14 | J404: 23.3 | K404: 4.6 | L404: 6.2 | M404: 8 | N404: 42.1

Sheet Stage Summary
A1: Stage-by-Stage Timing Summary
A2: All figures calculated live from 'Raw Order Data' via AVERAGEIFS / SUMPRODUCT
A4: Fulfillment Stage | B4: Avg Duration (hrs) | C4: Avg Duration (days) | D4: % of Total Dispatch Time | E4: Orders
A5: Order Confirmation → Inventory Allocation | B5: =AVERAGE('Raw Order Data'!J5:J404) -> 18.5095 | C5: =B5/24 -> 0.77122917 | D5: =B5/$B$9 -> 0.46561851 | E5: =COUNT('Raw Order Data'!J5:J404) -> 400
A6: Inventory Allocation → Picking | B6: =AVERAGE('Raw Order Data'!K5:K404) -> 7.14175 | C6: =B6/24 -> 0.29757292 | D6: =B6/$B$9 -> 0.17965537 | E6: =COUNT('Raw Order Data'!K5:K404) -> 400
A7: Picking → Packing | B7: =AVERAGE('Raw Order Data'!L5:L404) -> 8.65125 | C7: =B7/24 -> 0.36046875 | D7: =B7/$B$9 -> 0.21762782 | E7: =COUNT('Raw Order Data'!L5:L404) -> 400
A8: Packing → Carrier Handoff | B8: =AVERAGE('Raw Order Data'!M5:M404) -> 5.45 | C8: =B8/24 -> 0.22708333 | D8: =B8/$B$9 -> 0.1370983 | E8: =COUNT('Raw Order Data'!M5:M404) -> 400
A9: Total (Confirm → Handoff) | B9: =SUM(B5:B8) -> 39.7525 | C9: =B9/24 -> 1.6563542

Sheet Cutoff Analysis
A1: Root Cause — Confirmation Time vs. Allocation Delay
A2: Tests whether the hour an order is confirmed predicts allocation delay (cutoff effect)
A4: Confirmation Window | B4: Avg Hrs Confirm→Allocate | C4: Orders | D4: vs. Morning Baseline
A5: Before 10:00 (morning) | B5: =AVERAGEIFS('Raw Order Data'!$J$5:$J$404,'Raw Order Data'!$I$5:$I$404,">="&7,'Raw Order Data'!$I$5:$I$404,"<="&9) -> 4.474359 | C5: =COUNTIFS('Raw Order Data'!$I$5:$I$404,">="&7,'Raw Order Data'!$I$5:$I$404,"<="&9) -> 39 | D5: =B5/$B$5-1 -> 0
A6: 10:00–13:59 (midday) | B6: =AVERAGEIFS('Raw Order Data'!$J$5:$J$404,'Raw Order Data'!$I$5:$I$404,">="&10,'Raw Order Data'!$I$5:$I$404,"<="&13) -> 7.954717 | C6: =COUNTIFS('Raw Order Data'!$I$5:$I$404,">="&10,'Raw Order Data'!$I$5:$I$404,"<="&13) -> 106 | D6: =B6/$B$5-1 -> 0.77784506
A7: 14:00 and later (afternoon cutoff) | B7: =AVERAGEIFS('Raw Order Data'!$J$5:$J$404,'Raw Order Data'!$I$5:$I$404,">="&14,'Raw Order Data'!$I$5:$I$404,"<="&21) -> 25.043529 | C7: =COUNTIFS('Raw Order Data'!$I$5:$I$404,">="&14,'Raw Order Data'!$I$5:$I$404,"<="&21) -> 255 | D7: =B7/$B$5-1 -> 4.5971212

Sheet PowerBI_Import_Data
A1: Clean fact table — formatted for direct Power BI import (Get Data > Excel)
A3: Order ID | B3: Site | C3: Order Type | D3: Confirm Date | E3: Confirm Hour | F3: Stage 1 Hrs | G3: Stage 2 Hrs | H3: Stage 3 Hrs | I3: Stage 4 Hrs | J3: Total Hrs
A4: ORD-100001 | B4: Site B - Reno | C4: Standard | D4: 46097 | E4: 12 | F4: 9.9 | G4: 8.8 | H4: 12.8 | I4: 2.6 | J4: 34.1
A5: ORD-100002 | B5: Site A - Dallas | C5: Standard | D5: 46082 | E5: 11 | F5: 4.2 | G5: 4 | H5: 10.1 | I5: 5.8 | J5: 24.1
A6: ORD-100003 | B6: Site A - Dallas | C6: Standard | D6: 46028 | E6: 18 | F6: 27 | G6: 5.4 | H6: 4.7 | I6: 8.7 | J6: 45.8
A7: ORD-100004 | B7: Site A - Dallas | C7: Standard | D7: 46051 | E7: 13 | F7: 8.8 | G7: 10.1 | H7: 11 | I7: 5.8 | J7: 35.7
A8: ORD-100005 | B8: Site C - Columbus | C8: Standard | D8: 46168 | E8: 12 | F8: 8.9 | G8: 10.6 | H8: 9.4 | I8: 6.9 | J8: 35.8
A9: ORD-100006 | B9: Site A - Dallas | C9: Standard | D9: 46101 | E9: 21 | F9: 22.3 | G9: 3 | H9: 6.1 | I9: 6.4 | J9: 37.8
A10: ORD-100007 | B10: Site A - Dallas | C10: Standard | D10: 46080 | E10: 17 | F10: 29.4 | G10: 8.5 | H10: 9.7 | I10: 3.2 | J10: 50.8
A11: ORD-100008 | B11: Site B - Reno | C11: Standard | D11: 46124 | E11: 12 | F11: 9.1 | G11: 7.6 | H11: 10.5 | I11: 7.9 | J11: 35.1
A12: ORD-100009 | B12: Site C - Columbus | C12: Standard | D12: 46035 | E12: 19 | F12: 22.7 | G12: 4.1 | H12: 13.4 | I12: 8.1 | J12: 48.3
A13: ORD-100010 | B13: Site A - Dallas | C13: Standard | D13: 46128 | E13: 19 | F13: 24.6 | G13: 4.6 | H13: 5.7 | I13: 5.9 | J13: 40.8
A14: ORD-100011 | B14: Site A - Dallas | C14: Standard | D14: 46176 | E14: 14 | F14: 30 | G14: 3.4 | H14: 8.4 | I14: 7.3 | J14: 49.1
A15: ORD-100012 | B15: Site C - Columbus | C15: Standard | D15: 46067 | E15: 18 | F15: 26 | G15: 5.8 | H15: 9.6 | I15: 5.3 | J15: 46.7
... A403: ORD-100400 | B403: Site A - Dallas | C403: Standard | D403: 46105 | E403: 14 | F403: 23.3 | G403: 4.6 | H403: 6.2 | I403: 8 | J403: 42.1
